區,民主進步黨,親民黨,自由台灣黨,和平鴿聯盟黨,軍公教聯盟黨,民國黨,信心希望聯盟,中華統一促進黨,中國國民黨,台灣團結聯盟,時代力量,大愛憲改聯盟,綠黨社會民主黨聯盟,台灣獨立黨,無黨團結聯盟,新黨,健保免費連線,樹黨,網址
臺北市,571916,81981,3380,2039,8196,22033,34151,8048,415255,29859,89291,1310,48852,2409,4137,117458,3504,13730,http://www.cec.gov.tw/zh_TW/T4/n100000000000000.html
臺北市北投區,60941,7289,339,198,821,3224,2957,651,37977,2926,8724,118,4228,250,481,8327,376,1118,http://www.cec.gov.tw/zh_TW/T4/n100000100000000.html
臺北市士林區,72476,8746,378,211,849,2445,3506,661,40033,3814,9842,132,4860,269,439,10081,390,1149,http://www.cec.gov.tw/zh_TW/T4/n100000200000000.html
臺北市大同區,36400,3788,180,96,299,889,1093,239,16520,1929,4843,59,1893,132,240,2922,221,517,http://www.cec.gov.tw/zh_TW/T4/n100000300000000.html
臺北市中山區,52940,7369,287,161,547,1457,2537,618,33862,2839,7734,107,4213,196,333,8550,306,1053,http://www.cec.gov.tw/zh_TW/T4/n100000400000000.html
臺北市松山區,41018,6120,223,111,606,1463,2682,739,33344,2176,6536,99,4156,179,284,11196,215,970,http://www.cec.gov.tw/zh_TW/T4/n100000500000000.html
臺北市內湖區,56897,9336,391,374,852,2315,3868,706,43925,2619,10470,132,5275,285,400,12551,388,1476,http://www.cec.gov.tw/zh_TW/T4/n100000600000000.html
臺北市南港區,25900,4193,203,121,368,1064,1323,330,19095,1286,4373,79,1980,123,202,4379,191,605,http://www.cec.gov.tw/zh_TW/T4/n100000700000000.html
臺北市萬華區,47866,6160,234,117,495,1516,1695,590,30358,2423,6471,134,2624,197,376,6729,336,1082,http://www.cec.gov.tw/zh_TW/T4/n100000800000000.html
臺北市中正區,30558,4796,197,75,617,1154,2296,507,24938,1847,5197,67,3119,116,224,7683,167,1117,http://www.cec.gov.tw/zh_TW/T4/n100000900000000.html
臺北市大安區,55814,8473,313,138,990,2527,4720,1095,49426,3317,9013,142,6367,216,412,18112,239,1689,http://www.cec.gov.tw/zh_TW/T4/n100001000000000.html
臺北市信義區,45600,7042,277,178,671,1954,2748,909,37965,2274,7374,108,4208,228,385,11567,326,1184,http://www.cec.gov.tw/zh_TW/T4/n100001100000000.html
臺北市文山區,45506,8669,358,259,1081,2025,4726,1003,47812,2409,8714,133,5929,218,361,15361,349,1770,http://www.cec.gov.tw/zh_TW/T4/n100001200000000.html
新北市,916886,147996,7127,4844,11610,27814,36352,9333,577605,41648,131052,2566,52957,4102,17911,106125,8027,14408,http://www.cec.gov.tw/zh_TW/T4/n200000000000000.html
新北市石門區,2395,252,26,51,34,125,45,15,1782,188,244,10,96,24,651,138,23,28,http://www.cec.gov.tw/zh_TW/T4/n200000100000000.html
新北市三芝區,4456,611,44,61,75,319,124,42,3397,455,538,13,219,47,745,385,66,86,http://www.cec.gov.tw/zh_TW/T4/n200000200000000.html
新北市淡水區,32850,5243,270,245,485,1320,1837,396,22876,1923,5292,100,2474,166,3390,4858,263,686,http://www.cec.gov.tw/zh_TW/T4/n200000300000000.html
新北市八里區,8552,1410,53,117,67,243,272,64,5063,348,1026,25,396,51,900,704,95,126,http://www.cec.gov.tw/zh_TW/T4/n200000400000000.html
新北市林口區,20050,4169,105,138,260,597,1022,231,13397,809,3084,39,1263,83,268,2827,149,328,http://www.cec.gov.tw/zh_TW/T4/n200000500000000.html
新北市泰山區,18998,3782,107,108,186,456,535,115,10151,753,2562,36,837,78,164,1389,138,256,http://www.cec.gov.tw/zh_TW/T4/n200000600000000.html
新北市五股區,20912,3128,116,118,151,452,709,169,10623,941,2620,56,791,93,303,1409,215,259,http://www.cec.gov.tw/zh_TW/T4/n200000700000000.html
新北市蘆洲區,52950,6809,315,199,417,1081,1317,277,22500,2351,6863,115,2151,194,1057,2780,344,671,http://www.cec.gov.tw/zh_TW/T4/n200000800000000.html
新北市三重區,108532,14696,879,660,963,2514,2731,652,50284,4926,14621,282,4595,413,997,6506,764,1283,http://www.cec.gov.tw/zh_TW/T4/n200000900000000.html
新北市新莊區,104796,16209,642,495,1057,2378,2997,613,51273,4450,14983,321,5393,431,807,6734,832,1106,http://www.cec.gov.tw/zh_TW/T4/n200001000000000.html
新北市樹林區,45240,6741,376,193,506,1206,1438,290,24909,1937,6301,119,2144,196,392,3203,500,634,http://www.cec.gov.tw/zh_TW/T4/n200001100000000.html
新北市鶯歌區,21431,3263,223,113,226,664,514,247,11967,959,2606,60,1010,124,228,1096,242,241,http://www.cec.gov.tw/zh_TW/T4/n200001200000000.html
新北市板橋區,139307,19218,782,572,1829,3285,4955,1261,79924,6329,19347,333,7592,620,1991,12609,1339,2336,http://www.cec.gov.tw/zh_TW/T4/n200001300000000.html
新北市中和區,85380,16407,681,342,1375,3650,4249,1300,72705,3903,13666,306,6162,464,2199,16575,759,1776,http://www.cec.gov.tw/zh_TW/T4/n200001400000000.html
新北市永和區,39143,8315,272,178,891,2409,2951,951,40510,2030,6929,112,4049,161,443,11877,378,1058,http://www.cec.gov.tw/zh_TW/T4/n200001500000000.html
新北市土城區,56897,8901,443,246,730,1561,1874,477,33300,2281,8190,155,2930,237,750,4829,546,849,http://www.cec.gov.tw/zh_TW/T4/n200001600000000.html
新北市三峽區,24816,4474,212,134,334,692,917,247,14992,1029,3263,87,1297,86,232,2218,235,322,http://www.cec.gov.tw/zh_TW/T4/n200001700000000.html
新北市新店區,53008,11432,511,246,1035,2251,4982,1211,55050,2224,8560,157,5541,223,502,16869,423,1225,http://www.cec.gov.tw/zh_TW/T4/n200001800000000.html
新北市深坑區,5335,854,70,30,58,170,271,60,3716,204,707,18,352,28,50,648,43,85,http://www.cec.gov.tw/zh_TW/T4/n200001900000000.html
新北市石碇區,2337,245,39,42,16,48,29,17,1004,101,171,3,68,9,23,104,27,24,http://www.cec.gov.tw/zh_TW/T4/n200002000000000.html
新北市坪林區,2035,195,27,7,21,47,20,4,811,86,139,7,57,12,59,63,8,19,http://www.cec.gov.tw/zh_TW/T4/n200002100000000.html
新北市烏來區,995,293,22,5,31,68,173,11,920,47,103,4,56,9,159,89,18,12,http://www.cec.gov.tw/zh_TW/T4/n200002200000000.html
新北市金山區,4920,643,101,46,52,166,104,30,2914,413,648,10,188,23,421,279,41,49,http://www.cec.gov.tw/zh_TW/T4/n200002300000000.html
新北市萬里區,4749,791,70,37,66,154,106,56,3297,319,464,18,148,33,210,294,39,47,http://www.cec.gov.tw/zh_TW/T4/n200002400000000.html
新北市汐止區,41472,7498,403,329,498,1430,1921,441,30152,1722,6562,110,2583,189,387,6700,384,710,http://www.cec.gov.tw/zh_TW/T4/n200002500000000.html
新北市平溪區,1267,192,32,11,18,32,18,11,762,80,83,7,35,8,31,47,5,10,http://www.cec.gov.tw/zh_TW/T4/n200002600000000.html
新北市瑞芳區,8273,1602,174,89,161,323,186,103,6367,515,1046,42,347,65,409,644,120,120,http://www.cec.gov.tw/zh_TW/T4/n200002700000000.html
新北市雙溪區,2077,297,57,7,34,80,18,17,1483,150,175,10,82,14,87,121,15,31,http://www.cec.gov.tw/zh_TW/T4/n200002800000000.html
新北市貢寮區,3713,326,75,25,34,93,37,25,1476,175,259,11,101,21,56,130,16,31,http://www.cec.gov.tw/zh_TW/T4/n200002900000000.html
桃園市,432155,79868,3252,2461,7392,21217,18742,5838,322892,17570,58369,1298,34639,2127,4405,41191,5991,6286,http://www.cec.gov.tw/zh_TW/T4/n300000000000000.html
桃園市蘆竹區,34921,5262,265,191,393,996,1471,340,19541,1376,4332,101,2188,152,431,2800,455,462,http://www.cec.gov.tw/zh_TW/T4/n300000100000000.html
桃園市龜山區,31381,5613,226,138,359,1056,1098,367,21202,1401,4410,94,2003,152,315,3059,504,446,http://www.cec.gov.tw/zh_TW/T4/n300000200000000.html
桃園市桃園區,88164,16218,532,393,1577,2997,4028,977,60520,4135,13196,242,7043,343,934,9557,1027,1379,http://www.cec.gov.tw/zh_TW/T4/n300000300000000.html
桃園市大園區,20951,2960,200,98,258,666,554,206,11164,869,2427,55,1031,105,204,855,238,287,http://www.cec.gov.tw/zh_TW/T4/n300000400000000.html
桃園市觀音區,17099,2197,138,100,204,579,312,129,7692,619,1625,48,797,92,135,543,232,241,http://www.cec.gov.tw/zh_TW/T4/n300000500000000.html
桃園市新屋區,13329,1701,101,103,192,502,193,93,7040,391,1135,38,558,72,112,530,159,134,http://www.cec.gov.tw/zh_TW/T4/n300000600000000.html
桃園市楊梅區,29906,6609,307,195,627,1856,1573,419,26007,1002,4519,105,2120,174,260,2689,540,513,http://www.cec.gov.tw/zh_TW/T4/n300000700000000.html
桃園市中壢區,72191,15137,458,371,1447,4487,3923,1413,66455,2690,10327,210,9371,347,750,8947,985,1072,http://www.cec.gov.tw/zh_TW/T4/n300000800000000.html
桃園市平鎮區,41798,8472,333,262,773,3408,2145,597,35823,1452,6122,128,4263,218,403,3860,638,618,http://www.cec.gov.tw/zh_TW/T4/n300000900000000.html
桃園市龍潭區,21262,4540,213,178,557,2148,1285,388,19826,872,2871,69,1630,136,187,2912,298,354,http://www.cec.gov.tw/zh_TW/T4/n300001000000000.html
桃園市八德區,38052,7483,325,284,671,1582,1179,643,31813,1575,5006,150,2474,219,448,3683,645,522,http://www.cec.gov.tw/zh_TW/T4/n300001100000000.html
桃園市大溪區,21946,3196,140,132,308,814,756,233,13678,1122,2306,53,1112,106,192,1651,237,241,http://www.cec.gov.tw/zh_TW/T4/n300001200000000.html
桃園市復興區,1155,480,14,16,26,126,225,33,2131,66,93,5,49,11,34,105,33,17,http://www.cec.gov.tw/zh_TW/T4/n300001300000000.html
臺中市,600055,107852,6121,3187,9854,21685,29648,4950,389339,39314,104865,1934,33466,3728,5553,51311,8037,9794,http://www.cec.gov.tw/zh_TW/T4/n400000000000000.html
臺中市大甲區,17456,2214,166,125,279,618,431,226,11043,1342,2699,71,818,132,163,865,264,210,http://www.cec.gov.tw/zh_TW/T4/n400000100000000.html
臺中市大安區,4660,506,40,38,73,146,93,41,3049,429,645,16,146,37,58,173,82,46,http://www.cec.gov.tw/zh_TW/T4/n400000200000000.html
臺中市外埔區,6432,984,78,89,119,309,156,69,5387,698,1133,33,284,66,93,399,154,99,http://www.cec.gov.tw/zh_TW/T4/n400000300000000.html
臺中市清水區,20868,3078,163,128,387,625,419,121,12145,1258,2854,74,818,150,209,1035,287,287,http://www.cec.gov.tw/zh_TW/T4/n400000400000000.html
臺中市梧棲區,12678,1955,102,106,181,418,379,55,7655,750,2049,51,537,96,160,702,208,197,http://www.cec.gov.tw/zh_TW/T4/n400000500000000.html
臺中市沙鹿區,19116,3668,204,133,369,768,702,147,12958,1198,3362,83,1033,173,276,1213,362,328,http://www.cec.gov.tw/zh_TW/T4/n400000600000000.html
臺中市龍井區,16851,2979,180,137,284,630,786,112,11021,1030,2897,87,850,144,230,1035,384,268,http://www.cec.gov.tw/zh_TW/T4/n400000700000000.html
臺中市大肚區,12923,2352,147,78,185,509,535,109,9144,840,2057,60,538,112,143,820,243,192,http://www.cec.gov.tw/zh_TW/T4/n400000800000000.html
臺中市烏日區,17284,3199,160,137,241,674,669,111,10377,906,2694,66,811,104,252,1029,258,231,http://www.cec.gov.tw/zh_TW/T4/n400000900000000.html
臺中市霧峰區,15649,3370,163,103,220,629,446,112,9477,983,2280,65,768,129,175,1074,248,193,http://www.cec.gov.tw/zh_TW/T4/n400001000000000.html
臺中市大里區,46988,9044,468,266,717,1483,1770,277,25292,2698,7944,147,2455,282,401,3170,715,721,http://www.cec.gov.tw/zh_TW/T4/n400001100000000.html
臺中市后里區,10743,1763,171,87,141,404,295,112,8584,3573,2251,42,559,83,100,674,177,184,http://www.cec.gov.tw/zh_TW/T4/n400001200000000.html
臺中市神岡區,17646,2249,214,73,159,559,377,78,9023,1334,2721,64,602,100,141,685,228,203,http://www.cec.gov.tw/zh_TW/T4/n400001300000000.html
臺中市大雅區,20128,3615,237,111,279,815,739,167,14484,1220,3884,60,935,133,225,1388,345,329,http://www.cec.gov.tw/zh_TW/T4/n400001400000000.html
臺中市潭子區,24968,4405,275,121,326,930,990,156,15504,1391,4500,82,1077,140,193,1862,358,378,http://www.cec.gov.tw/zh_TW/T4/n400001500000000.html
臺中市西屯區,42401,8762,407,160,750,1754,3621,456,31095,2304,8650,121,3258,198,368,5552,390,866,http://www.cec.gov.tw/zh_TW/T4/n400001600000000.html
臺中市南屯區,32752,6494,300,151,624,1358,2654,247,21881,1689,6514,86,2485,151,247,3604,239,595,http://www.cec.gov.tw/zh_TW/T4/n400001700000000.html
臺中市北屯區,53066,10973,478,285,1050,1851,3931,586,38335,2762,10515,134,3527,274,361,6942,514,922,http://www.cec.gov.tw/zh_TW/T4/n400001800000000.html
臺中市北區,29981,5983,281,134,569,1029,2418,404,21332,1807,5675,79,2047,152,229,4298,368,715,http://www.cec.gov.tw/zh_TW/T4/n400001900000000.html
臺中市西區,24546,4239,239,75,482,854,1744,219,15824,1512,4589,57,1948,130,162,2862,200,544,http://www.cec.gov.tw/zh_TW/T4/n400002000000000.html
臺中市中區,4050,667,33,10,53,120,182,42,2486,220,614,7,195,28,21,342,33,48,http://www.cec.gov.tw/zh_TW/T4/n400002100000000.html
臺中市東區,18514,2932,154,65,256,589,761,129,10363,993,3047,48,935,92,197,1658,185,271,http://www.cec.gov.tw/zh_TW/T4/n400002200000000.html
臺中市南區,25870,4727,238,83,591,920,1708,210,16347,1533,5036,63,1903,139,207,2696,273,494,http://www.cec.gov.tw/zh_TW/T4/n400002300000000.html
臺中市太平區,41206,7412,420,186,578,1459,1554,292,25117,2074,6473,146,1855,262,392,2957,654,596,http://www.cec.gov.tw/zh_TW/T4/n400002400000000.html
臺中市豐原區,41307,6012,389,156,571,1315,1352,216,23529,2907,6804,118,2155,243,274,2672,522,579,http://www.cec.gov.tw/zh_TW/T4/n400002500000000.html
臺中市石岡區,3623,585,72,27,51,156,101,37,2668,229,492,14,152,24,32,220,49,43,http://www.cec.gov.tw/zh_TW/T4/n400002600000000.html
臺中市新社區,5955,953,102,43,92,203,199,51,4012,571,756,17,208,44,53,384,69,72,http://www.cec.gov.tw/zh_TW/T4/n400002700000000.html
臺中市東勢區,10981,2017,205,67,196,456,525,128,9069,949,1566,38,512,96,115,854,201,162,http://www.cec.gov.tw/zh_TW/T4/n400002800000000.html
臺中市和平區,1413,715,35,13,31,104,111,40,2138,114,164,5,55,14,76,146,27,21,http://www.cec.gov.tw/zh_TW/T4/n400002900000000.html
臺南市,545694,52906,5640,2237,7091,9400,12353,3972,193140,27960,63172,1033,24709,2264,3705,24338,3294,4826,http://www.cec.gov.tw/zh_TW/T4/n500000000000000.html
臺南市後壁區,8100,506,70,61,110,132,101,63,2200,496,616,21,213,34,87,209,61,55,http://www.cec.gov.tw/zh_TW/T4/n500000100000000.html
臺南市白河區,8880,613,75,122,220,140,89,95,2543,561,670,21,213,42,139,259,51,72,http://www.cec.gov.tw/zh_TW/T4/n500000200000000.html
臺南市北門區,3443,255,40,29,25,47,24,16,968,199,227,8,90,15,91,108,20,23,http://www.cec.gov.tw/zh_TW/T4/n500000300000000.html
臺南市學甲區,8947,541,77,50,54,114,55,58,2148,448,705,8,238,27,81,216,49,60,http://www.cec.gov.tw/zh_TW/T4/n500000400000000.html
臺南市鹽水區,7924,624,83,70,83,120,74,59,2263,573,694,22,231,46,81,222,44,53,http://www.cec.gov.tw/zh_TW/T4/n500000500000000.html
臺南市新營區,18955,2268,206,132,482,374,392,264,8461,1191,2542,32,1108,86,283,1248,133,209,http://www.cec.gov.tw/zh_TW/T4/n500000600000000.html
臺南市柳營區,6732,567,55,75,93,103,82,129,1940,367,670,15,226,32,81,220,53,73,http://www.cec.gov.tw/zh_TW/T4/n500000700000000.html
臺南市東山區,5947,602,73,63,95,134,44,36,1880,346,402,22,150,32,158,155,35,41,http://www.cec.gov.tw/zh_TW/T4/n500000800000000.html
臺南市將軍區,7057,355,87,65,34,73,62,25,1456,374,450,10,119,33,65,155,40,35,http://www.cec.gov.tw/zh_TW/T4/n500000900000000.html
臺南市下營區,7603,711,94,82,90,138,78,65,2292,426,658,14,197,25,58,175,37,57,http://www.cec.gov.tw/zh_TW/T4/n500001000000000.html
臺南市六甲區,6959,572,64,50,81,143,85,87,1920,429,637,21,221,35,43,177,62,49,http://www.cec.gov.tw/zh_TW/T4/n500001100000000.html
臺南市官田區,7566,579,92,50,89,118,70,38,1805,392,600,9,215,29,31,143,45,33,http://www.cec.gov.tw/zh_TW/T4/n500001200000000.html
臺南市七股區,7788,521,90,67,62,92,59,67,1752,405,594,16,161,29,83,134,37,44,http://www.cec.gov.tw/zh_TW/T4/n500001300000000.html
臺南市佳里區,18754,1335,214,95,248,246,226,81,5379,820,1795,31,633,81,87,615,74,108,http://www.cec.gov.tw/zh_TW/T4/n500001400000000.html
臺南市麻豆區,16689,837,144,76,192,229,139,43,3304,849,1334,11,512,62,93,355,56,106,http://www.cec.gov.tw/zh_TW/T4/n500001500000000.html
臺南市善化區,14091,1034,185,44,172,273,221,72,4253,746,1676,33,642,54,83,462,68,119,http://www.cec.gov.tw/zh_TW/T4/n500001600000000.html
臺南市大內區,3450,329,50,15,41,45,30,22,957,156,188,6,75,9,24,49,19,20,http://www.cec.gov.tw/zh_TW/T4/n500001700000000.html
臺南市玉井區,3428,724,56,14,68,98,48,30,1875,190,287,11,116,20,26,148,32,22,http://www.cec.gov.tw/zh_TW/T4/n500001800000000.html
臺南市楠西區,2060,941,65,13,20,55,31,37,1166,100,146,7,61,14,13,74,19,16,http://www.cec.gov.tw/zh_TW/T4/n500001900000000.html
臺南市西港區,8720,527,93,41,52,100,79,47,1989,450,739,7,199,39,49,170,33,48,http://www.cec.gov.tw/zh_TW/T4/n500002000000000.html
臺南市安定區,10028,743,117,38,72,173,88,30,2799,468,921,14,302,40,67,262,57,79,http://www.cec.gov.tw/zh_TW/T4/n500002100000000.html
臺南市新市區,11283,919,125,41,129,189,131,44,3297,570,1125,31,474,51,73,279,70,81,http://www.cec.gov.tw/zh_TW/T4/n500002200000000.html
臺南市山上區,2392,238,33,6,21,39,21,11,721,78,212,8,77,8,9,46,12,10,http://www.cec.gov.tw/zh_TW/T4/n500002300000000.html
臺南市新化區,12549,1497,174,52,112,254,244,75,4739,649,1336,28,512,59,77,475,98,115,http://www.cec.gov.tw/zh_TW/T4/n500002400000000.html
臺南市左鎮區,1511,254,34,10,12,32,22,6,498,77,83,6,37,13,4,59,12,5,http://www.cec.gov.tw/zh_TW/T4/n500002500000000.html
臺南市南化區,2116,690,65,8,22,61,26,34,1019,81,168,9,47,9,31,51,15,12,http://www.cec.gov.tw/zh_TW/T4/n500002600000000.html
臺南市安南區,58159,4866,625,191,558,1004,929,318,16523,2399,7089,102,2169,252,380,1631,351,484,http://www.cec.gov.tw/zh_TW/T4/n500002700000000.html
臺南市北區,34819,4188,339,73,533,738,1197,322,16060,1786,5233,72,2133,134,154,2403,218,381,http://www.cec.gov.tw/zh_TW/T4/n500002800000000.html
臺南市中西區,21477,2253,271,44,248,343,814,219,8814,1278,2918,36,1388,93,118,1220,106,187,http://www.cec.gov.tw/zh_TW/T4/n500002900000000.html
臺南市安平區,16361,2044,120,22,229,263,763,134,6874,720,2375,43,1002,50,78,1043,79,150,http://www.cec.gov.tw/zh_TW/T4/n500003000000000.html
臺南市南區,39420,3580,326,90,371,591,981,259,14087,1759,4708,52,1728,157,172,1970,232,301,http://www.cec.gov.tw/zh_TW/T4/n500003100000000.html
臺南市東區,44016,5503,338,90,866,946,2501,396,23915,2559,7135,71,3802,172,301,4189,229,654,http://www.cec.gov.tw/zh_TW/T4/n500003200000000.html
臺南市永康區,61812,7117,517,154,872,1175,1654,444,24545,3405,8099,120,3148,241,294,3350,463,630,http://www.cec.gov.tw/zh_TW/T4/n500003300000000.html
臺南市仁德區,22409,2023,241,69,279,323,459,162,8244,1019,2578,44,949,92,137,1068,176,203,http://www.cec.gov.tw/zh_TW/T4/n500003400000000.html
臺南市歸仁區,21372,1512,225,75,302,286,350,122,6357,952,2451,50,900,86,87,668,118,199,http://www.cec.gov.tw/zh_TW/T4/n500003500000000.html
臺南市關廟區,11472,899,151,54,128,188,168,51,3587,576,1027,20,392,59,60,285,77,85,http://www.cec.gov.tw/zh_TW/T4/n500003600000000.html
臺南市龍崎區,1405,139,26,6,26,21,16,11,510,66,84,2,29,4,7,45,13,7,http://www.cec.gov.tw/zh_TW/T4/n500003700000000.html
高雄市,762933,77961,5630,3653,13255,14598,26930,5580,334073,43107,92323,1851,37604,2927,6981,57715,4994,6958,http://www.cec.gov.tw/zh_TW/T4/n600000000000000.html
高雄市桃源區,241,139,9,5,24,50,140,2,772,63,49,1,20,11,17,37,17,4,http://www.cec.gov.tw/zh_TW/T4/n600000100000000.html
高雄市那瑪夏區,256,97,3,5,29,46,55,2,631,9,10,0,7,4,3,14,1,2,http://www.cec.gov.tw/zh_TW/T4/n600000200000000.html
高雄市甲仙區,1385,274,18,15,26,44,22,8,993,55,80,2,44,3,13,46,10,8,http://www.cec.gov.tw/zh_TW/T4/n600000300000000.html
高雄市六龜區,3364,409,39,27,49,100,47,24,1417,233,191,21,106,26,44,144,26,19,http://www.cec.gov.tw/zh_TW/T4/n600000400000000.html
高雄市杉林區,3022,347,28,10,59,89,49,20,1500,155,172,15,82,17,29,114,20,18,http://www.cec.gov.tw/zh_TW/T4/n600000500000000.html
高雄市內門區,4382,467,53,33,34,108,53,17,2149,253,285,13,81,27,63,136,42,54,http://www.cec.gov.tw/zh_TW/T4/n600000600000000.html
高雄市旗山區,10941,1203,147,73,222,239,166,71,4461,682,906,23,437,57,213,532,72,101,http://www.cec.gov.tw/zh_TW/T4/n600000700000000.html
高雄市美濃區,10806,1384,132,104,253,362,175,126,5835,555,756,40,486,84,154,746,100,87,http://www.cec.gov.tw/zh_TW/T4/n600000800000000.html
高雄市茂林區,100,56,7,2,10,22,41,1,595,8,9,0,6,1,1,12,1,1,http://www.cec.gov.tw/zh_TW/T4/n600000900000000.html
高雄市阿蓮區,9235,842,72,55,106,173,105,26,2966,438,891,33,258,41,57,274,66,80,http://www.cec.gov.tw/zh_TW/T4/n600001000000000.html
高雄市田寮區,2682,248,34,16,16,45,34,11,850,183,156,8,45,13,22,59,32,16,http://www.cec.gov.tw/zh_TW/T4/n600001100000000.html
高雄市燕巢區,9281,858,74,93,112,202,129,46,3808,577,844,27,305,32,211,293,84,60,http://www.cec.gov.tw/zh_TW/T4/n600001200000000.html
高雄市大社區,11202,979,81,68,179,151,209,60,3674,628,1193,18,416,58,82,408,78,90,http://www.cec.gov.tw/zh_TW/T4/n600001300000000.html
高雄市大樹區,13922,1043,102,83,195,235,275,73,5006,837,1254,30,401,50,112,468,105,89,http://www.cec.gov.tw/zh_TW/T4/n600001400000000.html
高雄市茄萣區,9148,1138,81,55,63,142,99,39,2838,478,1006,28,290,50,74,317,49,63,http://www.cec.gov.tw/zh_TW/T4/n600001500000000.html
高雄市湖內區,9122,877,95,44,64,156,160,32,3207,461,1017,24,308,34,44,361,60,90,http://www.cec.gov.tw/zh_TW/T4/n600001600000000.html
高雄市路竹區,14954,1554,152,122,177,312,259,107,6447,803,1757,48,564,72,98,450,129,144,http://www.cec.gov.tw/zh_TW/T4/n600001700000000.html
高雄市永安區,4114,467,39,23,53,87,63,39,1665,250,440,16,147,16,17,117,21,20,http://www.cec.gov.tw/zh_TW/T4/n600001800000000.html
高雄市岡山區,26792,3265,197,118,560,527,747,320,12619,1300,3130,53,1094,109,169,2252,154,226,http://www.cec.gov.tw/zh_TW/T4/n600001900000000.html
高雄市彌陀區,5811,744,77,51,56,110,166,57,2599,306,532,23,167,30,55,174,44,41,http://www.cec.gov.tw/zh_TW/T4/n600002000000000.html
高雄市梓官區,12267,968,174,73,164,208,289,38,3745,755,1106,29,353,28,67,373,64,85,http://www.cec.gov.tw/zh_TW/T4/n600002100000000.html
高雄市橋頭區,13306,989,85,52,164,169,236,70,3936,666,1418,29,445,60,85,471,69,108,http://www.cec.gov.tw/zh_TW/T4/n600002200000000.html
高雄市楠梓區,45558,4618,276,298,1193,879,2191,370,23119,2197,5884,160,2440,174,284,4102,286,431,http://www.cec.gov.tw/zh_TW/T4/n600002300000000.html
高雄市左營區,41544,5435,289,275,1309,850,3254,619,27031,2299,6054,123,2961,165,299,6043,228,481,http://www.cec.gov.tw/zh_TW/T4/n600002400000000.html
高雄市仁武區,25274,2195,185,129,404,398,664,121,8098,1184,2765,39,960,90,200,1164,171,208,http://www.cec.gov.tw/zh_TW/T4/n600002500000000.html
高雄市鳥松區,13007,1142,92,74,218,194,428,80,5218,726,1620,29,757,43,79,1036,108,138,http://www.cec.gov.tw/zh_TW/T4/n600002600000000.html
高雄市大寮區,33467,3029,321,163,398,532,674,177,12335,1859,3333,85,1070,144,211,1668,313,237,http://www.cec.gov.tw/zh_TW/T4/n600002700000000.html
高雄市林園區,21034,1702,226,128,223,330,318,84,6487,1517,2053,56,599,88,157,615,173,184,http://www.cec.gov.tw/zh_TW/T4/n600002800000000.html
高雄市鼓山區,33539,3688,198,135,766,599,1835,491,17306,1897,4712,75,2166,92,361,4085,189,333,http://www.cec.gov.tw/zh_TW/T4/n600002900000000.html
高雄市鹽埕區,7751,689,43,19,70,133,200,42,3099,476,951,15,367,26,132,607,51,76,http://www.cec.gov.tw/zh_TW/T4/n600003000000000.html
高雄市旗津區,9066,774,56,31,78,142,176,54,2501,477,819,32,254,32,112,365,77,50,http://www.cec.gov.tw/zh_TW/T4/n600003100000000.html
高雄市三民區,96248,9556,547,359,1685,1662,4306,580,41262,5442,12922,208,6281,300,846,7636,498,943,http://www.cec.gov.tw/zh_TW/T4/n600003200000000.html
高雄市前金區,7490,804,48,26,118,127,330,62,3546,570,966,11,438,18,96,872,28,82,http://www.cec.gov.tw/zh_TW/T4/n600003300000000.html
高雄市新興區,13909,1435,112,27,228,245,659,86,6772,945,1967,20,887,48,198,1418,61,133,http://www.cec.gov.tw/zh_TW/T4/n600003400000000.html
高雄市苓雅區,46831,4928,342,135,908,915,2093,362,22661,3119,6211,96,3002,155,441,5042,255,483,http://www.cec.gov.tw/zh_TW/T4/n600003500000000.html
高雄市前鎮區,54982,5340,366,134,822,1150,1768,435,22176,3157,6881,108,2620,172,527,4765,300,468,http://www.cec.gov.tw/zh_TW/T4/n600003600000000.html
高雄市鳳山區,92957,10294,510,455,1642,1781,3514,605,43891,4991,12584,230,4816,393,764,8089,686,909,http://www.cec.gov.tw/zh_TW/T4/n600003700000000.html
高雄市小港區,43943,3984,320,138,578,1084,1001,223,16858,2556,5399,83,1924,164,644,2410,326,396,http://www.cec.gov.tw/zh_TW/T4/n600003800000000.html
新竹縣,83376,21675,1211,808,1558,21903,4456,1965,87690,3723,15547,442,6796,660,1098,8227,1392,2176,http://www.cec.gov.tw/zh_TW/T4/n701000000000000.html
新竹縣竹北市,26870,5742,276,176,547,6655,1705,508,21774,1230,6523,116,2520,174,332,2881,321,959,http://www.cec.gov.tw/zh_TW/T4/n701000100000000.html
新竹縣竹東鎮,12160,4459,225,148,268,3855,810,385,17233,550,2526,82,1578,99,150,1603,240,351,http://www.cec.gov.tw/zh_TW/T4/n701000200000000.html
新竹縣新埔鎮,6826,1284,118,68,89,1558,178,189,5636,288,927,26,394,60,73,514,100,128,http://www.cec.gov.tw/zh_TW/T4/n701000300000000.html
新竹縣關西鎮,5483,1179,82,55,100,1458,178,127,5552,203,533,21,254,46,60,357,78,100,http://www.cec.gov.tw/zh_TW/T4/n701000400000000.html
新竹縣湖口鄉,11366,3150,195,111,223,2907,455,344,13807,495,1935,69,745,104,125,1056,245,273,http://www.cec.gov.tw/zh_TW/T4/n701000500000000.html
新竹縣新豐鄉,9119,2134,102,84,131,2558,321,166,8419,375,1435,52,561,69,125,732,210,158,http://www.cec.gov.tw/zh_TW/T4/n701000600000000.html
新竹縣芎林鄉,3352,904,52,59,63,812,168,54,3995,160,529,10,244,25,27,307,68,56,http://www.cec.gov.tw/zh_TW/T4/n701000700000000.html
新竹縣橫山鄉,2064,635,41,22,34,534,46,51,2970,83,270,21,116,18,22,190,38,29,http://www.cec.gov.tw/zh_TW/T4/n701000800000000.html
新竹縣北埔鄉,1504,462,38,21,23,416,40,44,1855,73,214,6,90,16,19,99,21,32,http://www.cec.gov.tw/zh_TW/T4/n701000900000000.html
新竹縣寶山鄉,2388,593,39,36,39,477,166,36,2782,163,414,15,200,25,25,306,26,54,http://www.cec.gov.tw/zh_TW/T4/n701001000000000.html
新竹縣峨眉鄉,1227,203,22,14,10,251,42,33,1127,44,99,7,33,6,7,82,9,13,http://www.cec.gov.tw/zh_TW/T4/n701001100000000.html
新竹縣尖石鄉,645,586,12,12,17,266,256,12,1591,45,100,13,49,14,105,64,30,14,http://www.cec.gov.tw/zh_TW/T4/n701001200000000.html
新竹縣五峰鄉,372,344,9,2,14,156,91,16,949,14,42,4,12,4,28,36,6,9,http://www.cec.gov.tw/zh_TW/T4/n701001300000000.html
苗栗縣,97679,23229,1203,1476,1776,11042,2791,2698,100362,4921,14653,458,5253,840,2009,9328,1455,1507,http://www.cec.gov.tw/zh_TW/T4/n702000000000000.html
苗栗縣竹南鎮,15072,3228,199,199,247,2677,506,207,12260,776,2820,69,865,137,291,1319,248,236,http://www.cec.gov.tw/zh_TW/T4/n702000100000000.html
苗栗縣造橋鄉,2140,538,33,51,33,370,76,49,2656,111,314,20,78,25,63,237,34,31,http://www.cec.gov.tw/zh_TW/T4/n702000200000000.html
苗栗縣後龍鎮,7253,1174,97,118,94,985,103,103,5822,400,817,25,309,76,296,427,85,93,http://www.cec.gov.tw/zh_TW/T4/n702000300000000.html
苗栗縣西湖鄉,1011,348,16,34,22,129,27,35,1781,74,141,6,54,16,30,118,29,31,http://www.cec.gov.tw/zh_TW/T4/n702000400000000.html
苗栗縣通霄鎮,8392,1107,68,104,85,490,129,79,5322,541,940,41,239,82,433,459,103,87,http://www.cec.gov.tw/zh_TW/T4/n702000500000000.html
苗栗縣銅鑼鄉,2711,779,39,53,71,346,89,81,4180,116,391,17,182,31,48,313,30,41,http://www.cec.gov.tw/zh_TW/T4/n702000600000000.html
苗栗縣苑裡鎮,12636,1402,122,95,134,538,158,144,6324,663,1410,51,504,91,145,443,114,121,http://www.cec.gov.tw/zh_TW/T4/n702000700000000.html
苗栗縣三義鄉,2709,784,33,86,61,292,93,85,3629,141,482,16,164,40,30,295,58,62,http://www.cec.gov.tw/zh_TW/T4/n702000800000000.html
苗栗縣頭份市,14298,4552,173,223,312,2388,631,425,18094,540,2811,78,1007,99,276,1909,305,314,http://www.cec.gov.tw/zh_TW/T4/n702000900000000.html
苗栗縣三灣鄉,1207,303,20,26,24,151,28,43,1615,61,144,10,50,14,16,110,15,32,http://www.cec.gov.tw/zh_TW/T4/n702001000000000.html
苗栗縣南庄鄉,1364,598,27,36,18,190,33,56,2294,78,143,16,80,15,21,179,25,14,http://www.cec.gov.tw/zh_TW/T4/n702001100000000.html
苗栗縣苗栗市,13418,3864,145,167,374,1298,503,898,18578,625,2291,47,1050,86,171,2073,211,257,http://www.cec.gov.tw/zh_TW/T4/n702001200000000.html
苗栗縣頭屋鄉,1790,465,18,25,31,238,38,117,2618,78,252,7,95,19,26,180,22,20,http://www.cec.gov.tw/zh_TW/T4/n702001300000000.html
苗栗縣獅潭鄉,671,246,17,14,11,70,17,24,1168,27,61,4,24,3,6,61,10,6,http://www.cec.gov.tw/zh_TW/T4/n702001400000000.html
苗栗縣公館鄉,5711,1887,89,110,125,475,146,223,6712,294,814,22,295,44,55,625,78,81,http://www.cec.gov.tw/zh_TW/T4/n702001500000000.html
苗栗縣大湖鄉,2424,724,48,69,53,151,58,52,3021,110,279,7,81,22,30,281,35,31,http://www.cec.gov.tw/zh_TW/T4/n702001600000000.html
苗栗縣泰安鄉,520,546,20,10,19,67,76,43,1496,34,81,3,28,3,33,65,14,15,http://www.cec.gov.tw/zh_TW/T4/n702001700000000.html
苗栗縣卓蘭鎮,4352,684,39,56,62,187,80,34,2792,252,462,19,148,37,39,234,39,35,http://www.cec.gov.tw/zh_TW/T4/n702001800000000.html
彰化縣,289796,47811,3273,2225,5186,10936,6884,2282,185848,20770,41762,1201,13034,1909,3334,15346,3663,3937,http://www.cec.gov.tw/zh_TW/T4/n703000000000000.html
彰化縣伸港鄉,7414,1419,83,63,70,299,190,52,5681,519,1172,41,341,63,122,357,95,122,http://www.cec.gov.tw/zh_TW/T4/n703000100000000.html
彰化縣線西鄉,3147,829,46,41,38,154,81,13,2816,252,513,28,159,30,43,166,53,67,http://www.cec.gov.tw/zh_TW/T4/n703000200000000.html
彰化縣和美鎮,19914,3610,197,197,237,749,523,129,13404,1388,3292,91,966,133,258,1048,292,330,http://www.cec.gov.tw/zh_TW/T4/n703000300000000.html
彰化縣鹿港鎮,21182,3000,210,181,209,589,441,134,11495,1533,3201,67,775,140,304,981,264,228,http://www.cec.gov.tw/zh_TW/T4/n703000400000000.html
彰化縣福興鄉,11442,1691,139,88,112,344,224,58,6328,802,2079,55,401,72,108,391,149,132,http://www.cec.gov.tw/zh_TW/T4/n703000500000000.html
彰化縣秀水鄉,9336,1495,88,56,117,325,204,49,5642,698,1322,38,352,74,100,419,122,104,http://www.cec.gov.tw/zh_TW/T4/n703000600000000.html
彰化縣彰化市,51329,9147,543,283,1015,2626,1845,425,35047,3456,8727,175,3107,339,700,3786,653,823,http://www.cec.gov.tw/zh_TW/T4/n703000700000000.html
彰化縣花壇鄉,10201,1823,161,97,127,417,268,98,7615,646,1486,60,434,66,130,616,158,130,http://www.cec.gov.tw/zh_TW/T4/n703000800000000.html
彰化縣芬園鄉,6308,923,94,43,93,764,136,33,3107,411,700,35,204,33,110,207,70,57,http://www.cec.gov.tw/zh_TW/T4/n703000900000000.html
彰化縣芳苑鄉,8388,1292,118,65,204,215,164,51,4013,531,707,50,195,46,70,247,91,88,http://www.cec.gov.tw/zh_TW/T4/n703001000000000.html
彰化縣二林鎮,10223,1874,170,83,247,356,221,150,8229,800,1219,61,354,69,132,568,145,125,http://www.cec.gov.tw/zh_TW/T4/n703001100000000.html
彰化縣埔鹽鄉,6544,1378,118,107,157,269,148,277,5396,483,936,38,253,49,92,341,106,102,http://www.cec.gov.tw/zh_TW/T4/n703001200000000.html
彰化縣溪湖鎮,11713,2224,153,138,259,411,253,95,8054,913,1628,50,508,67,120,631,157,147,http://www.cec.gov.tw/zh_TW/T4/n703001300000000.html
彰化縣埔心鄉,8764,1352,91,61,150,273,138,48,4397,612,1010,40,358,57,65,352,92,116,http://www.cec.gov.tw/zh_TW/T4/n703001400000000.html
彰化縣大城鄉,3288,630,65,27,79,100,46,34,2605,269,253,13,60,22,55,165,40,54,http://www.cec.gov.tw/zh_TW/T4/n703001500000000.html
彰化縣竹塘鄉,4116,407,44,17,80,87,56,27,2020,307,302,12,75,22,28,136,30,43,http://www.cec.gov.tw/zh_TW/T4/n703001600000000.html
彰化縣埤頭鄉,7260,964,94,69,202,203,122,75,4091,520,766,33,251,53,89,275,94,73,http://www.cec.gov.tw/zh_TW/T4/n703001700000000.html
彰化縣北斗鎮,7451,1174,80,48,175,184,131,44,4801,580,1058,27,268,46,69,387,100,80,http://www.cec.gov.tw/zh_TW/T4/n703001800000000.html
彰化縣溪州鄉,8140,975,95,65,206,193,101,48,3585,613,722,33,251,49,78,238,106,84,http://www.cec.gov.tw/zh_TW/T4/n703001900000000.html
彰化縣大村鄉,8537,1311,81,69,97,291,152,48,5255,539,1151,32,333,51,90,380,112,123,http://www.cec.gov.tw/zh_TW/T4/n703002000000000.html
彰化縣員林市,26397,4620,224,147,544,869,728,195,18474,1892,4459,81,1640,153,204,1754,276,387,http://www.cec.gov.tw/zh_TW/T4/n703002100000000.html
彰化縣永靖鄉,8732,1381,100,51,138,310,180,41,5308,713,1239,23,424,68,100,405,100,132,http://www.cec.gov.tw/zh_TW/T4/n703002200000000.html
彰化縣社頭鄉,10563,1465,81,80,245,269,185,40,5903,739,1292,32,456,66,94,455,127,111,http://www.cec.gov.tw/zh_TW/T4/n703002300000000.html
彰化縣田尾鄉,6188,938,69,57,95,208,106,36,3981,595,850,26,238,46,54,302,84,114,http://www.cec.gov.tw/zh_TW/T4/n703002400000000.html
彰化縣田中鎮,9287,1344,90,72,210,277,183,52,6155,675,1235,41,505,64,79,582,113,114,http://www.cec.gov.tw/zh_TW/T4/n703002500000000.html
彰化縣二水鄉,3932,545,39,20,80,154,58,30,2446,284,443,19,126,31,40,157,34,51,http://www.cec.gov.tw/zh_TW/T4/n703002600000000.html
南投縣,101727,20374,1152,706,2317,5781,3430,1045,77449,8011,13759,432,5237,928,1192,8498,1587,1638,http://www.cec.gov.tw/zh_TW/T4/n704000000000000.html
南投縣草屯鎮,21292,4082,205,142,500,1226,575,167,14582,1418,3185,90,1148,154,195,1729,269,292,http://www.cec.gov.tw/zh_TW/T4/n704000100000000.html
南投縣國姓鄉,3768,900,61,24,54,248,96,60,3159,259,390,23,121,39,57,244,52,52,http://www.cec.gov.tw/zh_TW/T4/n704000200000000.html
南投縣埔里鎮,15041,3241,141,75,284,751,541,216,12817,1189,2048,52,930,158,168,1247,311,268,http://www.cec.gov.tw/zh_TW/T4/n704000300000000.html
南投縣仁愛鄉,974,891,30,15,82,193,183,41,3493,71,176,7,51,13,29,145,41,20,http://www.cec.gov.tw/zh_TW/T4/n704000400000000.html
南投縣中寮鄉,3434,607,43,31,42,184,59,19,2144,259,283,15,106,34,107,183,44,41,http://www.cec.gov.tw/zh_TW/T4/n704000500000000.html
南投縣魚池鄉,3337,576,44,21,50,131,88,60,2180,331,326,21,182,42,24,185,54,57,http://www.cec.gov.tw/zh_TW/T4/n704000600000000.html
南投縣南投市,19526,4538,214,134,614,991,758,201,15947,1634,3351,83,1416,152,228,2449,323,374,http://www.cec.gov.tw/zh_TW/T4/n704000700000000.html
南投縣名間鄉,9914,1361,105,69,156,493,219,63,5024,871,1111,43,322,102,93,567,127,110,http://www.cec.gov.tw/zh_TW/T4/n704000800000000.html
南投縣集集鎮,2279,469,27,12,69,118,54,13,1709,223,264,13,90,19,27,207,41,76,http://www.cec.gov.tw/zh_TW/T4/n704000900000000.html
南投縣竹山鎮,12774,1703,103,95,262,735,235,104,7694,958,1499,45,481,101,115,937,162,204,http://www.cec.gov.tw/zh_TW/T4/n704001000000000.html
南投縣鹿谷鄉,3836,664,86,43,79,187,79,35,2879,347,495,21,160,33,49,291,62,67,http://www.cec.gov.tw/zh_TW/T4/n704001100000000.html
南投縣水里鄉,3620,784,48,31,55,209,60,42,2924,315,419,9,148,44,42,236,53,52,http://www.cec.gov.tw/zh_TW/T4/n704001200000000.html
南投縣信義鄉,1932,558,45,14,70,315,483,24,2897,136,212,10,82,37,58,78,48,25,http://www.cec.gov.tw/zh_TW/T4/n704001300000000.html
雲林縣,169073,17117,1465,1686,2516,3803,2584,1268,83484,14383,18132,486,5279,1067,6699,6727,1687,2289,http://www.cec.gov.tw/zh_TW/T4/n705000000000000.html
雲林縣麥寮鄉,7383,1263,85,53,91,268,175,44,5434,667,1123,31,286,56,148,323,94,90,http://www.cec.gov.tw/zh_TW/T4/n705000100000000.html
雲林縣臺西鄉,4479,730,47,33,41,135,74,28,3779,381,695,14,120,35,233,218,58,78,http://www.cec.gov.tw/zh_TW/T4/n705000200000000.html
雲林縣東勢鄉,3409,388,27,27,50,70,37,25,2296,322,321,8,86,13,89,122,32,42,http://www.cec.gov.tw/zh_TW/T4/n705000300000000.html
雲林縣褒忠鄉,3164,333,27,34,56,80,35,129,1924,360,310,10,85,18,62,75,27,36,http://www.cec.gov.tw/zh_TW/T4/n705000400000000.html
雲林縣土庫鎮,6853,735,61,111,76,194,105,45,3483,1390,763,32,213,56,180,200,93,112,http://www.cec.gov.tw/zh_TW/T4/n705000500000000.html
雲林縣虎尾鎮,15092,2023,140,183,282,362,294,93,9954,1496,2128,45,686,102,339,937,187,269,http://www.cec.gov.tw/zh_TW/T4/n705000600000000.html
雲林縣四湖鄉,5248,582,37,57,78,106,58,45,2726,474,417,16,125,26,272,226,50,79,http://www.cec.gov.tw/zh_TW/T4/n705000700000000.html
雲林縣元長鄉,6777,547,75,51,64,156,87,37,2756,612,488,11,124,35,549,185,78,75,http://www.cec.gov.tw/zh_TW/T4/n705000800000000.html
雲林縣口湖鄉,6733,671,50,32,69,118,49,38,3214,644,512,20,120,43,275,134,66,79,http://www.cec.gov.tw/zh_TW/T4/n705000900000000.html
雲林縣水林鄉,7839,586,59,57,84,110,56,59,2146,543,462,23,113,25,501,132,45,69,http://www.cec.gov.tw/zh_TW/T4/n705001000000000.html
雲林縣北港鎮,10101,797,73,46,200,174,127,282,3627,740,1085,22,344,48,2913,365,83,120,http://www.cec.gov.tw/zh_TW/T4/n705001100000000.html
雲林縣崙背鄉,6679,557,69,82,61,132,53,25,2680,539,520,18,144,57,72,170,55,85,http://www.cec.gov.tw/zh_TW/T4/n705001200000000.html
雲林縣二崙鄉,8737,458,59,80,61,133,54,16,2348,608,604,31,164,52,119,164,51,65,http://www.cec.gov.tw/zh_TW/T4/n705001300000000.html
雲林縣西螺鎮,13445,900,90,130,163,253,164,75,4482,803,1219,32,366,79,239,373,99,132,http://www.cec.gov.tw/zh_TW/T4/n705001400000000.html
雲林縣莿桐鄉,8985,624,65,115,93,135,102,31,2979,586,763,26,180,51,62,244,66,91,http://www.cec.gov.tw/zh_TW/T4/n705001500000000.html
雲林縣林內鄉,4756,486,49,70,66,130,104,30,2369,342,474,15,131,36,46,150,48,69,http://www.cec.gov.tw/zh_TW/T4/n705001600000000.html
雲林縣斗六市,23532,3183,200,229,580,700,651,136,15296,1696,3510,64,1234,162,337,1768,314,436,http://www.cec.gov.tw/zh_TW/T4/n705001700000000.html
雲林縣大埤鄉,5460,421,53,66,59,112,43,29,2232,462,495,12,128,28,62,123,40,63,http://www.cec.gov.tw/zh_TW/T4/n705001800000000.html
雲林縣斗南鎮,11569,1131,98,136,214,233,186,58,5936,1129,1397,32,391,76,124,520,127,194,http://www.cec.gov.tw/zh_TW/T4/n705001900000000.html
雲林縣古坑鄉,8832,702,101,94,128,202,130,43,3823,589,846,24,239,69,77,298,74,105,http://www.cec.gov.tw/zh_TW/T4/n705002000000000.html
嘉義縣,143239,14708,1908,916,1988,3366,2035,1736,60083,13687,14212,498,4206,822,3004,5373,1181,1430,http://www.cec.gov.tw/zh_TW/T4/n706000000000000.html
嘉義縣六腳鄉,7857,670,131,62,111,154,55,72,2461,778,552,21,138,39,391,208,63,63,http://www.cec.gov.tw/zh_TW/T4/n706000100000000.html
嘉義縣東石鄉,7033,888,132,41,71,162,66,126,3564,1025,544,21,124,41,435,259,57,70,http://www.cec.gov.tw/zh_TW/T4/n706000200000000.html
嘉義縣朴子市,11328,1193,176,67,242,232,181,116,4825,1236,1256,30,401,49,222,602,85,138,http://www.cec.gov.tw/zh_TW/T4/n706000300000000.html
嘉義縣太保市,9974,1143,159,47,162,285,227,214,4171,1006,1102,35,334,64,176,382,90,109,http://www.cec.gov.tw/zh_TW/T4/n706000400000000.html
嘉義縣布袋鎮,7815,841,147,43,109,197,86,58,3942,689,754,32,184,49,525,374,58,75,http://www.cec.gov.tw/zh_TW/T4/n706000500000000.html
嘉義縣義竹鄉,6034,469,110,51,63,144,63,60,2863,459,449,18,134,26,58,224,43,48,http://www.cec.gov.tw/zh_TW/T4/n706000600000000.html
嘉義縣鹿草鄉,4950,381,98,42,53,90,49,47,2048,485,433,22,119,27,57,147,54,39,http://www.cec.gov.tw/zh_TW/T4/n706000700000000.html
嘉義縣水上鄉,13909,1751,194,119,262,383,211,282,6601,1249,1578,50,490,96,160,621,167,165,http://www.cec.gov.tw/zh_TW/T4/n706000800000000.html
嘉義縣溪口鄉,4901,308,43,28,45,54,52,43,1346,547,345,11,112,21,51,85,24,36,http://www.cec.gov.tw/zh_TW/T4/n706000900000000.html
嘉義縣大林鎮,8461,852,84,49,101,186,139,56,3761,942,889,30,268,40,90,407,53,76,http://www.cec.gov.tw/zh_TW/T4/n706001000000000.html
嘉義縣梅山鄉,5166,541,60,53,65,141,63,78,2273,577,530,15,145,36,52,157,33,62,http://www.cec.gov.tw/zh_TW/T4/n706001100000000.html
嘉義縣新港鄉,10203,601,91,50,91,197,115,105,2752,885,868,27,260,44,204,217,67,69,http://www.cec.gov.tw/zh_TW/T4/n706001200000000.html
嘉義縣民雄鄉,19037,1976,192,86,275,474,356,226,8314,1644,2302,102,768,126,263,692,159,213,http://www.cec.gov.tw/zh_TW/T4/n706001300000000.html
嘉義縣竹崎鄉,10161,1116,106,58,114,249,124,89,3811,896,906,34,247,79,99,302,89,111,http://www.cec.gov.tw/zh_TW/T4/n706001400000000.html
嘉義縣中埔鄉,11819,1295,126,89,175,297,168,116,4510,940,1277,35,358,69,155,466,102,110,http://www.cec.gov.tw/zh_TW/T4/n706001500000000.html
嘉義縣番路鄉,3156,355,35,21,38,54,39,29,1207,240,265,6,78,12,48,162,20,26,http://www.cec.gov.tw/zh_TW/T4/n706001600000000.html
嘉義縣阿里山鄉,680,195,11,5,9,48,34,10,1190,28,107,3,26,2,9,39,9,16,http://www.cec.gov.tw/zh_TW/T4/n706001700000000.html
嘉義縣大埔鄉,755,133,13,5,2,19,7,9,444,61,55,6,20,2,9,29,8,4,http://www.cec.gov.tw/zh_TW/T4/n706001800000000.html
屏東縣,230968,20564,2209,1296,4370,4997,6059,1636,109481,14358,20635,476,8404,1015,1578,12176,1492,1595,http://www.cec.gov.tw/zh_TW/T4/n707000000000000.html
屏東縣里港鄉,8908,671,41,36,129,116,110,36,2549,555,700,9,249,20,38,266,50,54,http://www.cec.gov.tw/zh_TW/T4/n707000100000000.html
屏東縣高樹鄉,8889,563,54,26,83,114,77,38,2210,526,413,7,159,32,28,194,38,44,http://www.cec.gov.tw/zh_TW/T4/n707000200000000.html
屏東縣三地門鄉,518,233,13,8,25,98,191,42,2366,25,92,1,62,6,19,50,13,6,http://www.cec.gov.tw/zh_TW/T4/n707000300000000.html
屏東縣霧臺鄉,289,100,7,2,20,36,147,3,1037,16,49,0,42,4,13,25,0,4,http://www.cec.gov.tw/zh_TW/T4/n707000400000000.html
屏東縣九如鄉,7960,448,34,37,92,107,87,13,2057,423,531,20,187,23,25,155,46,51,http://www.cec.gov.tw/zh_TW/T4/n707000500000000.html
屏東縣鹽埔鄉,7087,670,45,45,116,189,129,73,3457,444,616,27,204,40,47,212,52,38,http://www.cec.gov.tw/zh_TW/T4/n707000600000000.html
屏東縣長治鄉,8771,674,44,66,183,194,158,45,3862,523,870,22,316,29,43,411,63,54,http://www.cec.gov.tw/zh_TW/T4/n707000700000000.html
屏東縣內埔鄉,16530,1283,92,51,267,285,324,116,6323,1049,1299,38,459,75,69,670,114,105,http://www.cec.gov.tw/zh_TW/T4/n707000800000000.html
屏東縣瑪家鄉,444,256,11,4,33,82,255,20,2103,26,71,0,58,5,11,66,5,4,http://www.cec.gov.tw/zh_TW/T4/n707000900000000.html
屏東縣泰武鄉,311,284,13,6,17,50,109,10,1725,20,82,0,21,3,19,61,6,2,http://www.cec.gov.tw/zh_TW/T4/n707001000000000.html
屏東縣竹田鄉,6091,393,21,38,102,80,79,19,2138,339,429,8,142,18,14,209,31,34,http://www.cec.gov.tw/zh_TW/T4/n707001100000000.html
屏東縣萬巒鄉,6732,416,38,26,89,113,120,29,2141,601,458,14,150,32,19,172,33,46,http://www.cec.gov.tw/zh_TW/T4/n707001200000000.html
屏東縣潮州鎮,14810,1270,113,45,349,321,460,76,6590,833,1422,22,883,58,63,843,76,91,http://www.cec.gov.tw/zh_TW/T4/n707001300000000.html
屏東縣屏東市,49703,5558,342,201,1556,1296,1974,478,30510,3291,5998,118,2779,191,332,5019,326,497,http://www.cec.gov.tw/zh_TW/T4/n707001400000000.html
屏東縣麟洛鄉,3988,292,25,24,56,62,72,13,1477,226,328,11,159,18,17,172,20,25,http://www.cec.gov.tw/zh_TW/T4/n707001500000000.html
屏東縣萬丹鄉,16377,1135,140,113,251,299,213,63,6510,1030,1562,43,467,81,128,642,127,105,http://www.cec.gov.tw/zh_TW/T4/n707001600000000.html
屏東縣新園鄉,12310,736,157,105,147,181,193,112,3200,1040,939,25,291,58,157,313,97,79,http://www.cec.gov.tw/zh_TW/T4/n707001700000000.html
屏東縣崁頂鄉,4729,256,72,42,63,69,79,24,1473,266,357,11,113,29,13,143,22,24,http://www.cec.gov.tw/zh_TW/T4/n707001800000000.html
屏東縣南州鄉,3582,223,42,29,53,106,39,13,1397,222,232,3,82,15,18,106,22,21,http://www.cec.gov.tw/zh_TW/T4/n707001900000000.html
屏東縣新埤鄉,3029,275,56,15,64,53,44,25,1249,227,218,4,85,23,11,107,14,10,http://www.cec.gov.tw/zh_TW/T4/n707002000000000.html
屏東縣來義鄉,351,260,41,9,67,88,224,7,2426,38,125,7,30,8,55,67,13,7,http://www.cec.gov.tw/zh_TW/T4/n707002100000000.html
屏東縣東港鎮,14166,1071,184,106,170,255,204,195,4349,888,1331,28,516,70,115,823,96,107,http://www.cec.gov.tw/zh_TW/T4/n707002200000000.html
屏東縣林邊鄉,6073,297,63,29,51,101,75,17,2163,365,466,7,147,25,46,203,23,39,http://www.cec.gov.tw/zh_TW/T4/n707002300000000.html
屏東縣佳冬鄉,6481,342,90,49,63,112,101,23,1959,366,456,10,124,27,30,212,36,30,http://www.cec.gov.tw/zh_TW/T4/n707002400000000.html
屏東縣枋寮鄉,7296,527,127,51,107,97,70,35,2972,401,513,4,211,34,37,238,37,26,http://www.cec.gov.tw/zh_TW/T4/n707002500000000.html
屏東縣春日鄉,190,192,17,5,13,60,65,11,1435,28,58,3,22,6,33,37,8,2,http://www.cec.gov.tw/zh_TW/T4/n707002600000000.html
屏東縣枋山鄉,1887,118,33,5,12,30,20,6,589,42,59,5,20,5,7,42,12,7,http://www.cec.gov.tw/zh_TW/T4/n707002700000000.html
屏東縣獅子鄉,297,267,10,1,37,56,153,6,1425,15,36,3,20,5,5,39,7,0,http://www.cec.gov.tw/zh_TW/T4/n707002800000000.html
屏東縣牡丹鄉,261,307,11,6,15,34,75,3,1248,12,50,0,20,2,14,52,13,3,http://www.cec.gov.tw/zh_TW/T4/n707002900000000.html
屏東縣車城鄉,2453,179,52,12,32,39,26,12,936,113,125,6,47,11,27,60,10,7,http://www.cec.gov.tw/zh_TW/T4/n707003000000000.html
屏東縣滿州鄉,1837,208,40,13,18,36,21,11,928,58,89,4,47,12,46,48,14,6,http://www.cec.gov.tw/zh_TW/T4/n707003100000000.html
屏東縣恆春鎮,6770,731,152,67,66,147,146,34,3284,232,455,12,212,42,57,392,62,52,http://www.cec.gov.tw/zh_TW/T4/n707003200000000.html
屏東縣琉球鄉,1848,329,29,24,24,91,19,28,1393,118,206,4,80,8,22,127,6,15,http://www.cec.gov.tw/zh_TW/T4/n707003300000000.html
宜蘭縣,115242,13936,881,764,1778,2717,2619,1041,53256,6947,13960,379,6002,699,1773,6137,955,1340,http://www.cec.gov.tw/zh_TW/T4/n708000000000000.html
宜蘭縣宜蘭市,20796,2915,178,113,490,480,733,196,12192,1454,3142,78,1689,103,188,1837,158,303,http://www.cec.gov.tw/zh_TW/T4/n708000100000000.html
宜蘭縣羅東鎮,17608,1901,97,76,263,344,440,122,8177,1068,2477,43,1093,112,357,1085,133,177,http://www.cec.gov.tw/zh_TW/T4/n708000200000000.html
宜蘭縣蘇澳鎮,10657,1350,105,85,153,222,130,90,4518,570,1104,46,400,75,225,463,98,102,http://www.cec.gov.tw/zh_TW/T4/n708000300000000.html
宜蘭縣頭城鎮,5876,1064,86,87,84,252,133,155,3997,404,812,29,299,53,96,330,65,87,http://www.cec.gov.tw/zh_TW/T4/n708000400000000.html
宜蘭縣礁溪鄉,9603,1057,81,71,123,379,172,76,4399,535,963,27,406,68,92,414,79,125,http://www.cec.gov.tw/zh_TW/T4/n708000500000000.html
宜蘭縣壯圍鄉,7035,620,40,50,80,170,110,45,2555,347,677,25,249,39,82,272,62,70,http://www.cec.gov.tw/zh_TW/T4/n708000600000000.html
宜蘭縣員山鄉,9246,876,66,47,116,146,152,51,3241,578,897,32,392,55,60,364,63,84,http://www.cec.gov.tw/zh_TW/T4/n708000700000000.html
宜蘭縣冬山鄉,15717,1408,88,81,195,259,243,113,5109,830,1857,46,700,84,359,534,121,191,http://www.cec.gov.tw/zh_TW/T4/n708000800000000.html
宜蘭縣五結鄉,11706,1091,71,72,174,187,185,84,3933,668,1361,31,482,61,160,443,113,116,http://www.cec.gov.tw/zh_TW/T4/n708000900000000.html
宜蘭縣三星鄉,6307,641,51,62,63,118,85,41,2491,427,585,19,244,42,78,273,41,69,http://www.cec.gov.tw/zh_TW/T4/n708001000000000.html
宜蘭縣大同鄉,427,570,7,14,16,73,132,13,1231,39,51,3,22,5,34,80,13,13,http://www.cec.gov.tw/zh_TW/T4/n708001100000000.html
宜蘭縣南澳鄉,264,443,11,6,21,87,104,55,1413,27,34,0,26,2,42,42,9,3,http://www.cec.gov.tw/zh_TW/T4/n708001200000000.html
花蓮縣,42612,11949,466,610,1622,2075,4671,842,67516,2180,6277,156,3338,352,641,5882,491,670,http://www.cec.gov.tw/zh_TW/T4/n709000000000000.html
花蓮縣花蓮市,14876,3736,135,128,609,619,1965,248,20138,691,2136,42,1491,89,138,2629,136,249,http://www.cec.gov.tw/zh_TW/T4/n709000100000000.html
花蓮縣新城鄉,2512,813,34,59,119,134,258,55,4222,117,324,10,162,24,38,297,31,49,http://www.cec.gov.tw/zh_TW/T4/n709000200000000.html
花蓮縣秀林鄉,1100,811,23,21,54,125,246,55,3207,77,174,8,72,14,183,100,34,17,http://www.cec.gov.tw/zh_TW/T4/n709000300000000.html
花蓮縣吉安鄉,12371,3249,103,98,484,532,1145,226,16477,512,1699,49,968,91,96,1766,118,188,http://www.cec.gov.tw/zh_TW/T4/n709000400000000.html
花蓮縣壽豐鄉,2652,628,30,63,59,133,193,37,3841,171,341,12,155,28,29,254,37,35,http://www.cec.gov.tw/zh_TW/T4/n709000500000000.html
花蓮縣鳳林鎮,1537,382,13,23,52,65,73,23,2620,95,260,5,92,14,14,157,14,14,http://www.cec.gov.tw/zh_TW/T4/n709000600000000.html
花蓮縣光復鄉,1317,410,37,44,41,94,125,32,3016,93,475,8,78,10,14,151,21,19,http://www.cec.gov.tw/zh_TW/T4/n709000700000000.html
花蓮縣豐濱鄉,296,106,8,20,21,16,33,7,1122,23,115,2,26,6,11,23,9,7,http://www.cec.gov.tw/zh_TW/T4/n709000800000000.html
花蓮縣萬榮鄉,294,213,10,11,36,50,122,5,1490,26,98,0,22,5,49,30,9,5,http://www.cec.gov.tw/zh_TW/T4/n709000900000000.html
花蓮縣瑞穗鄉,1400,364,22,55,27,65,74,21,2632,101,186,5,54,18,14,107,15,17,http://www.cec.gov.tw/zh_TW/T4/n709001000000000.html
花蓮縣玉里鎮,2811,794,34,58,86,141,276,115,4852,172,345,12,155,28,35,243,39,39,http://www.cec.gov.tw/zh_TW/T4/n709001100000000.html
花蓮縣富里鄉,1248,290,14,24,18,49,47,13,2278,84,90,3,50,20,7,103,19,28,http://www.cec.gov.tw/zh_TW/T4/n709001200000000.html
花蓮縣卓溪鄉,198,153,3,6,16,52,114,5,1621,18,34,0,13,5,13,22,9,3,http://www.cec.gov.tw/zh_TW/T4/n709001300000000.html
臺東縣,28582,7949,545,187,1187,1721,2611,367,39545,1995,3518,120,1956,229,431,3684,328,354,http://www.cec.gov.tw/zh_TW/T4/n710000000000000.html
臺東縣臺東市,15930,3999,207,78,753,881,1141,201,17707,1073,2078,54,1124,109,201,2377,170,208,http://www.cec.gov.tw/zh_TW/T4/n710000100000000.html
臺東縣成功鎮,1399,538,54,8,39,121,156,27,2741,87,220,9,75,13,15,143,24,10,http://www.cec.gov.tw/zh_TW/T4/n710000200000000.html
臺東縣關山鎮,1120,286,35,12,32,73,26,6,1673,72,115,7,64,9,20,141,14,11,http://www.cec.gov.tw/zh_TW/T4/n710000300000000.html
臺東縣卑南鄉,2816,701,55,14,62,107,195,39,3088,186,252,13,151,23,45,264,36,22,http://www.cec.gov.tw/zh_TW/T4/n710000400000000.html
臺東縣鹿野鄉,1302,266,28,15,30,47,29,12,1265,85,112,3,102,9,61,103,9,18,http://www.cec.gov.tw/zh_TW/T4/n710000500000000.html
臺東縣池上鄉,1198,224,22,3,37,56,38,22,1389,102,104,7,77,12,9,85,10,12,http://www.cec.gov.tw/zh_TW/T4/n710000600000000.html
臺東縣東河鄉,913,265,24,7,23,66,60,15,1856,97,106,8,89,12,11,80,13,17,http://www.cec.gov.tw/zh_TW/T4/n710000700000000.html
臺東縣長濱鄉,716,225,29,9,36,57,64,3,1512,38,108,3,74,9,6,60,10,10,http://www.cec.gov.tw/zh_TW/T4/n710000800000000.html
臺東縣太麻里鄉,1649,413,27,13,39,91,189,15,2081,112,124,2,64,15,15,141,9,21,http://www.cec.gov.tw/zh_TW/T4/n710000900000000.html
臺東縣大武鄉,588,215,12,6,15,35,123,6,1244,55,62,3,19,1,1,62,9,0,http://www.cec.gov.tw/zh_TW/T4/n710001000000000.html
臺東縣綠島鄉,199,118,4,2,13,15,8,2,549,17,32,0,19,4,8,45,6,1,http://www.cec.gov.tw/zh_TW/T4/n710001100000000.html
臺東縣海端鄉,172,142,18,7,32,59,70,2,1002,21,57,5,11,4,15,37,4,4,http://www.cec.gov.tw/zh_TW/T4/n710001200000000.html
臺東縣延平鄉,182,75,7,1,36,49,154,4,883,9,30,3,10,3,3,27,6,9,http://www.cec.gov.tw/zh_TW/T4/n710001300000000.html
臺東縣金峰鄉,94,125,4,2,10,19,163,5,1120,10,29,0,16,1,3,32,2,1,http://www.cec.gov.tw/zh_TW/T4/n710001400000000.html
臺東縣達仁鄉,145,106,3,1,15,26,125,2,997,11,32,0,10,0,7,33,2,2,http://www.cec.gov.tw/zh_TW/T4/n710001500000000.html
臺東縣蘭嶼鄉,159,251,16,9,15,19,70,6,438,20,57,3,51,5,11,54,4,8,http://www.cec.gov.tw/zh_TW/T4/n710001600000000.html
澎湖縣,15948,2450,141,97,684,304,260,126,6616,1020,1361,44,614,125,10397,1267,110,318,http://www.cec.gov.tw/zh_TW/T4/n711000000000000.html
澎湖縣馬公市,9751,1654,85,52,490,194,186,92,4765,689,991,21,452,66,6194,894,73,225,http://www.cec.gov.tw/zh_TW/T4/n711000100000000.html
澎湖縣湖西鄉,2824,301,19,14,105,44,29,13,712,126,152,6,67,18,1540,159,19,52,http://www.cec.gov.tw/zh_TW/T4/n711000200000000.html
澎湖縣白沙鄉,1339,155,12,16,41,27,20,5,520,75,72,5,28,12,1030,123,8,16,http://www.cec.gov.tw/zh_TW/T4/n711000300000000.html
澎湖縣西嶼鄉,1344,147,13,6,35,21,16,12,385,72,85,5,30,12,968,47,6,10,http://www.cec.gov.tw/zh_TW/T4/n711000400000000.html
澎湖縣望安鄉,481,75,4,6,6,13,6,3,145,49,31,3,19,5,295,25,0,5,http://www.cec.gov.tw/zh_TW/T4/n711000500000000.html
澎湖縣七美鄉,209,118,8,3,7,5,3,1,89,9,30,4,18,12,370,19,4,10,http://www.cec.gov.tw/zh_TW/T4/n711000600000000.html
基隆市,70467,17675,821,696,1487,3810,3413,1084,58429,4487,11652,280,4454,488,743,9978,1164,1213,http://www.cec.gov.tw/zh_TW/T4/n712000000000000.html
基隆市中正區,9621,2539,113,89,194,530,523,169,8310,667,1506,33,540,64,84,1309,171,162,http://www.cec.gov.tw/zh_TW/T4/n712000100000000.html
基隆市信義區,8952,2512,110,76,263,521,517,188,8938,611,1778,30,711,78,96,1898,143,183,http://www.cec.gov.tw/zh_TW/T4/n712000200000000.html
基隆市仁愛區,9185,1976,133,93,150,461,341,116,6817,663,1382,39,519,58,92,1153,127,154,http://www.cec.gov.tw/zh_TW/T4/n712000300000000.html
基隆市中山區,9653,2327,123,104,193,706,277,159,7419,623,1463,38,510,61,121,1085,205,149,http://www.cec.gov.tw/zh_TW/T4/n712000400000000.html
基隆市安樂區,15369,3934,145,134,344,748,745,222,12709,901,2693,54,1058,100,152,2201,226,260,http://www.cec.gov.tw/zh_TW/T4/n712000500000000.html
基隆市暖暖區,6694,1934,85,58,173,367,373,118,6111,390,1146,24,517,39,64,1141,102,114,http://www.cec.gov.tw/zh_TW/T4/n712000600000000.html
基隆市七堵區,10993,2453,112,142,170,477,637,112,8125,632,1684,62,599,88,134,1191,190,191,http://www.cec.gov.tw/zh_TW/T4/n712000700000000.html
新竹市,84150,15804,718,392,1338,5927,4147,995,62507,4638,19170,282,6574,469,947,9837,1072,1616,http://www.cec.gov.tw/zh_TW/T4/n713000000000000.html
新竹市東區,35423,7263,279,157,636,3108,2516,496,30959,2042,9436,111,3701,196,352,5321,463,878,http://www.cec.gov.tw/zh_TW/T4/n713000100000000.html
新竹市北區,31135,5597,268,112,502,1810,1150,352,21335,1682,6398,102,2022,157,387,3388,377,510,http://www.cec.gov.tw/zh_TW/T4/n713000200000000.html
新竹市香山區,17592,2944,171,123,200,1009,481,147,10213,914,3336,69,851,116,208,1128,232,228,http://www.cec.gov.tw/zh_TW/T4/n713000300000000.html
嘉義市,64114,8138,738,272,1448,1845,2085,728,33728,4689,9484,144,3459,274,938,4928,455,778,http://www.cec.gov.tw/zh_TW/T4/n714000000000000.html
嘉義市東區,27761,3696,306,121,748,879,1162,348,16405,2223,4308,65,1768,109,361,2398,204,401,http://www.cec.gov.tw/zh_TW/T4/n714000100000000.html
嘉義市西區,36353,4442,432,151,700,966,923,380,17323,2466,5176,79,1691,165,577,2530,251,377,http://www.cec.gov.tw/zh_TW/T4/n714000200000000.html
金門縣,3946,2482,98,55,494,589,345,749,20142,393,1008,47,1142,53,184,4064,138,250,http://www.cec.gov.tw/zh_TW/T4/n801000000000000.html
金門縣金城鎮,1282,762,21,9,142,183,111,287,6436,111,286,9,407,10,51,1432,51,73,http://www.cec.gov.tw/zh_TW/T4/n801000100000000.html
金門縣金寧鄉,1102,513,21,28,130,139,88,148,4098,101,323,14,384,14,47,741,35,77,http://www.cec.gov.tw/zh_TW/T4/n801000200000000.html
金門縣烈嶼鄉,229,195,14,2,30,38,23,60,1776,11,57,1,77,6,9,463,9,22,http://www.cec.gov.tw/zh_TW/T4/n801000300000000.html
金門縣烏坵鄉,7,6,0,0,1,4,0,0,53,0,2,0,1,0,0,6,0,0,http://www.cec.gov.tw/zh_TW/T4/n801000400000000.html
金門縣金湖鎮,897,625,21,10,136,141,86,142,4571,78,197,14,154,11,44,851,24,50,http://www.cec.gov.tw/zh_TW/T4/n801000500000000.html
金門縣金沙鎮,429,381,21,6,55,84,37,112,3208,92,143,9,119,12,33,571,19,28,http://www.cec.gov.tw/zh_TW/T4/n801000600000000.html
連江縣,395,413,9,10,66,64,63,64,2509,15,113,5,131,9,12,484,7,61,http://www.cec.gov.tw/zh_TW/T4/n802000000000000.html
連江縣南竿鄉,237,229,5,6,36,38,50,50,1526,9,70,1,70,6,7,291,5,34,http://www.cec.gov.tw/zh_TW/T4/n802000100000000.html
連江縣北竿鄉,69,69,3,4,10,9,6,7,435,4,25,2,35,1,1,93,0,11,http://www.cec.gov.tw/zh_TW/T4/n802000200000000.html
連江縣莒光鄉,51,57,0,0,4,12,1,6,279,0,5,0,15,0,1,51,1,8,http://www.cec.gov.tw/zh_TW/T4/n802000300000000.html
連江縣東引鄉,38,58,1,0,16,5,6,1,269,2,13,2,11,2,3,49,1,8,http://www.cec.gov.tw/zh_TW/T4/n802000400000000.html
